USE champions;

DELETE FROM champion;
DELETE FROM region;
DELETE FROM appartient;
DELETE FROM rôle;


INSERT INTO region (identifiant, nom) 
VALUES (1, 'Bandle'), (2, 'Bilgewater'), (3, 'Demacia'), (4, 'Freljord'), (5, 'Iona'), (6,'Ixtal'), (7,'Le Néant'), (8,'Noxus'), (9,'Piltover'), (10,'Shurima'), (11,'Targon'), (12,'Zaun'), (13,'Îles Obscures'), (14,'Runeterra');


INSERT INTO rôle (identifiant, nom) 
VALUES (1, 'Mâge'), (2, 'Support'), (3, 'Combattant'), (4, 'Assassin'), (5, 'Tireur'), (6, 'Tank');


INSERT INTO `champions`.`champion` (`identifiant`, `nom`, `surnom`, `identifiantRegion`, `identifiantRegion`) 
VALUES (1, 'Aatrox', 'Epée des Darkin', 3, 14),
	   (2, 'Ahri', 'Renard à Neuf Queues', 1, 5),
	   (3, 'Akali', 'Assassin Rebelle', 4, 5),
	   (4, 'Alisar', 'Minotaure', 6, 14),
	   (5, 'Amumu', 'Momie Mélancolique', 6, 10),
	   (6, 'Anivia', 'Cryophénix', 1, 4),
	   (7, 'Annie', 'Enfant des Ténèbre', 1, 14),
	   (8, 'Aphelios', 'Arme des Lunaris', 5, 11),
	   (9, 'Ashe', 'Archère de Givre', 5, 4),
	   (10, 'Aurélion Sol', 'Forgeur D Etoiles', 1, 14),
	   (11, 'Azir', 'Empereur des Sables', 1, 10),
	   (12, 'Bard', 'Gardien Errant', 2, 14),
	   (13, 'Blitzcrank', 'Golem de Vapeur', 6, 12),
	   (14, 'Brand', 'Vengeur Flamboyant', 1, 14),
	   (15, 'Braum', 'Renard à Neuf Queues', 2, 4),
	   (16, 'Caitlyn', 'Shérif de piltover', 5, 9),
	   (17, 'Camille', 'Ombre D Acier', 3, 9),
	   (18, 'Cassiopeia', 'Etreinte du Serpent', 1, 8),
	   (19, 'Cho Gath', 'Terreur Noire', 6, 7),
       (20, 'Corki', 'Artilleur Téméraire', 5, 1),
	   (21, 'Darius', 'Main de Noxus', 3, 8),
	   (22, 'Diana', 'Mépris de la Lune', 3, 11),
	   (23, 'Dr. Mundo', 'Dément de Zaun', 3, 12),
	   (24, 'Draven', 'Glorieux Executeur', 5, 8),
	   (25, 'Ekko', 'Fractureur du Temp', 4, 12),
	   (26, 'Elise', 'Reine Araignée', 1, 13),
	   (27, 'Evelynn', 'Démon Sadique', 4, 14),
	   (28, 'Ezreal', 'Explorateur Prodigue', 5, 9),
	   (29, 'Fiddlesticks', 'Effroi Nocturne', 1, 14),
	   (30, 'Fiora', 'Sublime Bretteuse', 3, 3),
	   (31, 'Fizz', 'Filou des Mers', 4, 14),
	   (32, 'Galio', 'Colosse', 6, 3),
	   (33, 'Gangplank', 'Fléau des Mers', 3, 2),
       (34, 'Garen', 'Force de Démacia', 3, 3),
       (35, 'Gnar', 'Chainon Manquant', 3, 4),
       (36, 'Gragas', 'Agiteur', 3, 4),
       (37, 'Graves', 'Hors-la-Loi', 5, 2),
       (38, 'Hecarim', 'Ombre de la Guerre', 3, 13),
       (39, 'Heimerdinger', 'Inventeur Réputé', 1, 9),
       (40, 'Illaoi', 'Prétresse du Kraken', 3, 2),
       (41, 'Irelia', 'Danseuse des Lames', 3, 5),
       (42, 'Ivern', 'Ainé de la Forêt', 2, 5),
       (43, 'Janna', 'Avatar de l Air', 2, 12),
       (44, 'Jarvan IV', 'Exemple Demacien', 6, 3),
       (45, 'Jax', 'Maitre d Armes', 3, 14),
       (46, 'Jayce', 'Protecteur du Futur', 3, 9),
       (47, 'Jhin', 'Virtuose', 5, 5),
       (48, 'Jinx', 'Gâchette Folle', 5, 12),
       (49, 'Kai Sa', 'Fille du Néant', 5, 7),
       (50, 'Kalista', 'Lance de la Vengeance', 5, 13),
       (51, 'Karma', 'Sagesse Incarnée', 1, 5),
       (52, 'Karthus', 'Liche', 1, 13),
       (53, 'Kassadin', 'Chasseur du Néant', 4, 7),
       (54, 'Katarina', 'Lame Sinistre', 4, 8),
       (55, 'Kayle', 'Vertueuse', 3, 3),
       (56, 'Kayn', 'Faucher de l Ombre', 4, 5),
       (57, 'Kennen', 'Coeur de la Tempête', 1, 5),
       (58, 'Kha Zix', 'Faucheur du Néant', 4, 7),
       (59, 'Kindred', 'Chasseurs Eternels', 5, 14),
       (60, 'Kled', 'Cavalier Colérique', 3, 8),
       (61, 'Kog Maw', 'Gueule de Abysses', 5, 7),
       (62, 'Leblanc', 'Manipulatrice', 4, 8),
       (63, 'Lee Sin', 'Moine Aveugle', 3, 5),
       (64, 'Leona', 'Aube Radieuse', 6, 11),
       (65, 'Lissandra', 'Sorcière de Glace', 1, 4),
       (66, 'Lucian', 'Pulsificateur', 5, 14),
       (67, 'Lulu', 'Sorcière Féérique', 2, 1),
       (68, 'Lux', 'Dame de Lumière', 1, 3),
       (69, 'Malphite', 'Eclat du Monolithe', 6, 6),
       (70, 'Malzahar', 'Prophète du Néant', 1, 7),
       (71, 'Maokai', 'Tréant Torturé', 6, 13),
       (72, 'Maitre Yi', 'Fine Lame Wuju', 4, 5),
       (73, 'Miss Fortune', 'Chasseuse de Primes', 5, 2),
       (74, 'Mordekaiser', 'Revenant de Fer', 3, 13),
       (75, 'Morgana', 'Déchue', 1, 3),
       (76, 'Nami', 'Aquamancienne', 2, 14),
       (77, 'Nasus', 'Gardien des Sables', 3, 10),
       (78, 'Nautilus', 'Titan des Profondeurs', 6, 2),
       (79, 'Neeko', 'Caméléon Curieux', 1, 6),
       (80, 'Nidalee', 'Chasseresse Bestiale', 4, 6),
       (81, 'Nocturne', 'Eternel Cauchemar', 5, 14),
       (82, 'Nunu et Willump', 'Le Garçon et son Yéti', 6, 4),
       (83, 'Olaf', 'Berzerker', 3, 4),
       (84, 'Orianna', 'Demoiselle Mécanique', 1, 9),
       (85, 'Ornn', 'Dieu de la Forge Volcanique', 6, 4),
       (86, 'Pantheon', 'Lance Eternelle', 3, 11),
       (87, 'Poppy', 'Gardienne du Marteau', 6, 3),
       (88, 'Pyke', 'Eventeur des Abysses', 2, 2),
       (89, 'Qiyana', 'Impératrice des Eléments', 4, 6),
       (90, 'Quinn', 'Ailes de Demacia', 5, 3),
       (91, 'Rakan', 'Charmeur', 2, 5),
       (92, 'Rammus', 'Tatou Blindé', 6, 10),
       (93, 'Rek Sai', 'Traqueuse du Néant', 3, 7),
       (94, 'Renekton', 'Dévoreur des Sables', 3, 10),
       (95, 'Rengar', 'Fier Traqueur', 4, 6),
       (96, 'Riven', 'Exilée Brisée', 3, 8),
       (97, 'Rumble', 'Menacé Mécanisée', 3, 1),
       (98, 'Ryze', 'Mage Runiue', 1, 14),
       (99, 'Sejuani', 'Colère de l Hiver', 6, 4),
       (100, 'Senna', 'Rédemptrice', 2, 14),
       (101, 'Sett', 'Le Patron', 3, 9),
       (102, 'Shaco', 'Bouffon des Ténèbres', 4, 14),
       (103, 'Shen', 'Oeil du Crépuscule', 6, 5),
       (104, 'Shyvana', 'Demi-Dragon', 3, 3),
       (105, 'Singed', 'Chimiste Fou', 6, 12),
       (106, 'Sion', 'Colosse Mort-Vivant', 6, 8),
       (107, 'Sivir', 'Vierge Martiale', 5, 10),
       (108, 'Skarner', 'Gardien de Cristal', 3, 10),
       (109, 'Sona', 'Virtuose de la Harpe', 2, 3),
       (110, 'Soraka', 'Enfant des Etoiles', 2, 11),
       (111, 'Swain', 'Grand Général Noxien', 1, 8),
       (112, 'Sylas', 'Révolutionnaire Déchainé', 1, 3),
       (113, 'Syndra', 'Souveraine Obscure', 1, 5),
       (114, 'Tham Kench', 'Roi des Rivières', 2, 14),
       (115, 'Taliyah', 'Tisseuse de Pierres', 1, 10),
       (116, 'Talon', 'Lame des Ténèbres', 4, 8),
       (117, 'Taric', 'Bouclier de Valoran', 2, 11),
       (118, 'Teemo', 'Scout de Bantam', 5, 1),
       (119, 'Thresh', 'Garde aux Chaînes', 2, 13),
       (120, 'Tristana', 'Canonnière Yordle', 5, 1),
       (121, 'Trundle', 'Roi des Trolls', 3, 4),
       (123, 'Tryndamere', 'Roi Barbare', 3, 4),
       (124, 'Twisted Fate', 'Maitre des Cartes', 1, 2),
       (125, 'Twitch', 'Semeur de Peste', 5, 12),
       (126, 'Udyr', 'Gardien des Esprits', 3, 4),
       (127, 'Urgot', 'Le Broyeur', 3, 12),
       (128, 'Varus', 'Flèche de la Vengeance', 5, 5),
       (129, 'Vayne', 'Chasseur nocturne', 5, 3),
       (130, 'Veigar', 'Seigneur des Maléfices', 1, 1),
       (131, 'Vel Koz', 'Oeil du Néant', 1, 7),
       (132, 'Vi', 'Cogne de Piltover', 3, 9),
       (133, 'Viktor', 'Héraut des Machines', 1, 12),
       (134, 'Vladimir', 'Saigneur Pourpre', 1, 8),
       (135, 'Volibear', 'Tempête Impitoyable', 3, 4),
       (136, 'Warwick', 'Fureur Déchainée de Zaun', 3, 12),
       (137, 'Wukong', 'Roi des Singes', 3, 5),
       (138, 'Xayah', 'Rebelle', 5, 5),
       (139, 'Xerath', 'Mage Suprème', 1, 10),
       (140, 'Xin Zhao', 'Sénéchal de Demacia', 3, 3),
       (141, 'Yasuo', 'Disgracié', 3, 5),
       (142, 'Yorick', 'Berger des Ames', 3, 13),
       (143, 'Yuumi', 'Gardienne du Grimoire', 2, 1),
       (144, 'Zac', 'Arme Secrète', 6, 12),
       (145, 'Zed', 'Maitre des Ombres', 4, 5),
       (146, 'Ziggs', 'Expert des Hexplosifs', 1, 12),
       (147, 'Zilean', 'Gardien du Temps', 2, 14),
       (148, 'Zoé', 'Manifestation du Crépuscule', 1, 11),
       (149, 'Zyra', 'Dame aux Ronces', 1, 6);
	   
